Tutor1,tutor1@gmail.com,Licenciatura en Administración y Gestión de Pequeñas y Medianas Empresas
Tutor2,tutor2@gmail.com,Licenciatura en Administración y Gestión de Pequeñas y Medianas Empresas
Tutor1,tutor1@gmail.com,Licenciatura en Administración y Gestión de Pequeñas y Medianas Empresas
Tutor2,tutor2@gmail.com,Licenciatura en Administración y Gestión de Pequeñas y Medianas Empresas
Tutor3,tutor3@gmail.com,Ingeniería en Tecnologías de la Información
Tutor4,tutor4@gmail.com,Ingeniería en Tecnologías de la Información
Tutor3,tutor3@gmail.com,Ingeniería en Tecnologías de la Información
Tutor4,tutor4@gmail.com,Ingeniería en Tecnologías de la Información
Tutor5,tutor5@gmail.com,Ingeniería en Mecatrónica
Tutor6,tutor6@gmail.com,Ingeniería en Mecatrónica
Tutor5,tutor5@gmail.com,Ingeniería en Mecatrónica
Tutor6,tutor6@gmail.com,Ingeniería en Mecatrónica
Tutor,tutor@gmail.com,Ingeniería en Tecnologías de Manufactura
Tutor,tutor@gmail.com,Ingeniería en Tecnologías de Manufactura
Tutor,tutor@gmail.com,Ingeniería en Tecnologías de Manufactura
Tutor,tutor@gmail.com,Ingeniería en Tecnologías de Manufactura
Tutor,tutor@gmail.com,Ingeniería en Sistemas Automotrices
Tutor,tutor@gmail.com,Ingeniería en Sistemas Automotrices
